{
  "spearman": 0.08101108445350608,
  "brier": 0.015920919250820113,
  "log_loss": 0.07952367263839699,
  "roc_auc": 0.6827594456874719
}