{
  "spearman": 0.08157456573067408,
  "brier": 0.0067056650546930005,
  "log_loss": 0.04125825286213583,
  "roc_auc": 0.8416257766854598
}