{
  "spearman": 0.08427042227577644,
  "brier": 0.004505696966172771,
  "log_loss": 0.030225740515950623,
  "roc_auc": 0.8458552794411078
}