{
  "spearman": 0.07030162131083083,
  "brier": 0.015941976122214516,
  "log_loss": 0.08016548574328787,
  "roc_auc": 0.6585990971909345
}